bline_id,name,description,is_ended,
3112,アールエムケー,"アールエムケー (RMK) は、日本のメイクアップアーティスト、鎌田恵子が手がけるコスメティックブランドとして誕生しましたが、近年は洗練されたアパレルラインも展開しています。ブランドのスタイルは、シンプルながらも女性らしさを際立たせるミニマルシック。肌の透明感を引き出すナチュラルなメイクアップ同様、アパレルにおいても、上質な素材と計算されたシルエットで、女性本来の美しさを最大限に引き出すデザイン哲学が貫かれています。

ターゲット層は、年齢を問わず、洗練されたスタイルを好む自立した女性。流行に左右されず、自分の個性を大切にする彼女たちに向けて、ベーシックながらも個性を主張できるアイテムを提供しています。代表的なアイテムとしては、上質な素材を用いたシンプルなワンピースやブラウス、そして着心地の良いニットウェアなど、デイリーユースから特別な日まで幅広く活躍するアイテムが揃います。控えめなデザインの中に光るディテールが、RMKならではの洗練された魅力を放っています。",x,
3214,アイヴァン 7285,"アイヴァン 7285は、日本のアイウェアブランド。洗練されたデザインと高い品質が特徴で、普遍的な美しさを追求する姿勢がブランドの根幹を成しています。クラシカルなデザインをベースに、現代的な解釈を加えた独自のスタイルを確立。細部へのこだわりが際立ち、繊細なメタルワークやこだわりの素材使いは、長く愛用できる品質の高さを物語っています。

ターゲット層は、ファッションに精通し、上質なアイテムを好む30代後半から50代の男女。普遍的なデザインと高い機能性を両立させたアイウェアを求める層に支持されています。代表的なアイテムは、メタルフレームの眼鏡やサングラス。普遍的なデザインでありながら、独自のディテールが個性を際立たせ、知的な雰囲気を演出します。  洗練されたミニマルなデザインで、ビジネスシーンからカジュアルシーンまで幅広く活躍するアイテムが多いのも特徴です。",x,
3147,アウアー,"アウアーは、都会的な洗練さと快適さを融合させた、現代的なミニマルスタイルを提案するファッションブランドです。デザイン哲学は「シンプルで高品質な素材と、着る人の個性を際立たせるさりげないデザイン」に集約されます。無駄を省いたシンプルなシルエットと、上質な天然素材の使用が特徴で、着心地の良さと洗練された雰囲気を両立しています。

ターゲット層は、20代後半から40代の、仕事もプライベートも充実させたいと願う自立した女性。流行に左右されず、長く愛用できるタイムレスなアイテムを求めています。代表的なアイテムは、上質なコットンを使用したTシャツ、滑らかな肌触りのカシミヤニット、そして、身体のラインを美しく見せるシルエットのワンピースなど。ベーシックカラーを基調に、季節感のあるニュアンスカラーも展開し、幅広いコーディネートに対応できます。  アウアーは、日常を豊かに彩る、洗練されたミニマルウェアを提供しています。",x,https://www.facebook.com/ouurcollections/
3144,アルベルト ザンベルリ,"アルベルト ザンベルリは、イタリアを代表するラグジュアリーブランドです。洗練されたエレガンスと、大胆なデザインを融合させたスタイルが特徴。伝統的なテーラリング技術を駆使しながらも、現代的な感性を織り交ぜた、唯一無二のアイテムを展開しています。

デザイン哲学は、イタリアのクラフトマンシップへの深い敬意と、現代女性の強さを表現すること。大胆な色使いや、幾何学的なパターン、そして身体のラインを美しく際立たせるシルエットが、ブランドのアイデンティティとなっています。

ターゲット層は、自信に満ち溢れ、洗練されたスタイルを好む30代後半〜50代の女性。高品質な素材と、卓越した縫製技術へのこだわりは、彼女たちの高い審美眼を満たします。

代表的なアイテムは、構築的なシルエットのジャケットや、流れるようなドレープが美しいドレス、そして上質なレザーを用いたバッグ。それぞれのアイテムに宿る職人技は、アルベルト ザンベルリが誇る、揺るぎない価値観を体現しています。",x,
3183,アレックス アンド アニ,アレックス アンド アニは、チャームブレスレットを代表とする、レイヤードスタイルが魅力のアクセサリーブランドです。繊細なチェーンと多様なチャームの組み合わせによる自由度の高いカスタマイズが特徴で、個々のスタイルやパーソナリティを表現できる点が支持されています。デザイン哲学は「ポジティブなメッセージ」と「パーソナルな表現」を重視しており、様々なチャームには、動物モチーフやイニシャル、宗教的なシンボルなど、多様なデザインが揃います。ターゲット層は、10代後半から30代の女性を中心に、自分らしさを大切にしたい、ポジティブなマインドを持つ層に人気です。代表的なアイテムであるチャームブレスレットに加え、ネックレスやイヤリングなどのアクセサリーも展開し、重ね付けによって個性を際立たせるスタイリングが可能です。高品質な素材を使用しつつ、比較的リーズナブルな価格帯も魅力となっています。,x,
3148,アンダーアーマー,"アンダーアーマーは、アスリートのパフォーマンス向上を追求するアメリカ発のスポーツウェアブランドです。機能性とデザイン性を両立させたアイテムが特徴で、「機能美」をブランドの哲学としています。吸汗速乾性や通気性に優れた素材、身体の動きを妨げない立体的なカッティング、そして快適な着用感を重視したデザインが、多くのアスリートやアクティブなライフスタイルを送る人々から支持されています。

ターゲット層は、スポーツ愛好家からフィットネス愛好家、そして日常的に運動を取り入れる人たちまで幅広く、年齢層も若年層からシニア層までと多岐に渡ります。代表的なアイテムは、吸汗速乾性に優れた「ヒートギア」シリーズ、保温性に優れた「コールドギア」シリーズ、そしてコンプレッションウェアなど。  シンプルながらも洗練されたデザインは、スポーツシーンだけでなく、カジュアルウェアとしても着用できる汎用性の高さが魅力です。",x,
3197,イイザ ローン,"イイザ ローンは、現代女性のための洗練されたワードローブを提案するブランドです。デザイン哲学は「日常の着こなしを特別なものに」。ミニマルなデザインの中に、さりげなく光るディテールや、高品質な素材使いが特徴です。  シルエットは、体に寄り添うような自然なフィット感と、モダンなシルエットのバランスを重視。ベーシックカラーを基調に、季節感を反映させたニュアンスカラーを巧みに取り入れています。

代表的なアイテムは、上質なシルクやリネンを使用したブラウス、滑らかな肌触りのニット、そして完璧なシルエットのパンツ。  着心地の良さだけでなく、着る人の個性を引き立てる、タイムレスなデザインが魅力です。ターゲット層は、30代後半から40代のキャリアウーマンや、洗練されたスタイルを好む女性。  流行に左右されず、長く愛用できる服を求める、自立した女性たちに支持されています。",,
3321,イェップ,"イェップは、都会的な洗練さと快適さを両立させた、現代的なミニマルスタイルを提案するファッションブランドです。デザイン哲学は「機能美」と「着る人の個性を引き出すシンプルさ」。余計な装飾を排し、上質な素材と洗練されたシルエットで、着る人を美しく、そして自信に満ちた印象に導きます。

ターゲット層は、20代後半から40代のキャリア女性を中心に、シンプルながらも質の高い服を求める年齢や職業を問わない幅広い層です。代表的なアイテムは、着心地の良い上質なコットンやリネンを使用したシャツ、身体のラインを美しく見せるテーパードパンツ、そしてどんなスタイルにも合わせやすいミニマルなデザインのワンピース。ベーシックカラーを軸に、季節感を取り入れたニュアンスカラーも展開しており、時代を超えて愛されるタイムレスなアイテムが多いことが特徴です。着心地の良さ、洗練されたデザイン、そして長く愛用できる品質を重視する、現代の知的な女性に最適なブランドと言えるでしょう。",,
3114,イケア,"イケアは、スウェーデン発祥の家具・インテリアブランドであり、ファッションブランドではありません。そのため、ファッションブランドとしての特徴を記述することはできません。

もし、イケアの衣料品ラインについて記述するならば、「イケアは、近年、実用性と機能性を重視したシンプルなデザインの衣料品ラインを展開しています。  ターゲット層は、機能性と価格のバランスを重視する若年層からミドルエイジ層までと幅広く、代表的なアイテムとしては、ベーシックなTシャツやルームウェアなどがあります。  デザイン哲学は、ミニマルで普段使いしやすいデザインを追求し、サスティナビリティにも配慮した素材を使用している点が挙げられます。」といった説明が可能です。しかし、イケアはあくまで家具・インテリアがメインであり、衣料品はあくまで副次的なラインであることを明確にする必要があります。",,
3161,ヴァイナルアーカイブ,"ヴァイナルアーカイブは、日本のファッションブランド。ミリタリーウェアやワークウェアをルーツに、現代的な解釈を加えた独創的なデザインが特徴です。ブランドを象徴するのは、機能性と美しさを両立させた、計算し尽くされたパターンメイキングと、上質な素材使い。独特の立体裁断や、ミリタリーディテールを再構築したデザインは、着る人の個性を際立たせます。

デザイン哲学は、時代を超越した普遍性と、現代的な感性を融合させること。ミニマルでありながら、細部へのこだわりが感じられる、洗練されたコレクションを展開しています。ターゲット層は、高感度なファッションに造詣が深く、質の高いアイテムを求める、30代〜40代の男性を主に想定。

代表的なアイテムは、独自のシルエットが魅力のジャケットやコート、そして機能的なディテールを備えたパンツ類。定番アイテムはシンプルながらも長く愛用できる耐久性と、着込むほどに味わいを増す素材感も魅力です。時代にとらわれず、長く愛せる服を求める大人に向けた、確かな品質と独自の美意識を感じさせるブランドと言えるでしょう。",,
4285,ウィーウィル,ウィーウィルは、現代女性のライフスタイルに寄り添う、洗練されたミニマルウェアを提案するブランドです。  デザイン哲学は「シンプルながらも存在感のある、着る人の個性を引き立てる服」。無駄を削ぎ落としたシンプルなシルエットと、上質な天然素材の組み合わせが特徴です。  ニュートラルカラーをベースに、季節感をさりげなく取り入れたカラーパレットを採用。  代表的なアイテムは、着心地の良いカットソー、上品な落ち感のワンピース、そして身体のラインを美しく見せるテーラードジャケットなど。  完璧なカッティングと着心地へのこだわりから、30代後半〜40代のキャリアウーマンや、洗練されたスタイルを好む女性から支持を集めています。  流行に左右されることなく、長く愛用できるタイムレスなアイテムを追求することで、大人の女性の着こなしをサポートします。,,
4353,エイジ,エイジは、タイムレスなエレガンスを追求する、洗練された大人のためのブランドです。ミニマルで機能的なデザインを基調としつつ、上質な素材と卓越した仕立て技術によって、着る人の個性を際立たせる洗練されたスタイルを提案しています。デザイン哲学は「控えめな美しさ」にあり、無駄を省いたシンプルなシルエットと、上質な天然素材の風合いを最大限に活かしたアイテムが特徴です。代表的なアイテムは、体に沿う美しいドレープのワンピースや、洗練されたシルエットのジャケット、そして肌触りの良いニットウェア。ベーシックカラーを軸に、季節感を取り入れたニュアンスカラーを効果的に使用することで、落ち着いたながらも存在感のある着こなしを実現します。30代後半から50代以上の、自身のスタイルを確立した、知的で自立した女性をターゲット層としています。,,
3107,エッティンガー,"エッティンガーは、英国を代表するレザーグッズブランドです。1934年創業以来、伝統的な製法と卓越した職人技を継承し、質実剛健なアイテムを展開しています。そのデザイン哲学は、無駄を省いたシンプルさと、長く愛用できる堅牢性。時代を超越したクラシカルなスタイルは、英国紳士の風格を彷彿とさせます。

ターゲット層は、上質な素材と確かな品質を重視する、30代後半〜50代以上の男性が中心です。代表的なアイテムは、ブライドルレザーを使用した財布や名刺入れ、ブリーフケースなど。経年変化を楽しめる素材と、使い込むほどに深まる風格は、所有する喜びを与えてくれます。洗練されたデザインと高い耐久性から、世代を超えて愛される、まさに「一生モノ」と言えるブランドです。",,
3206,エムエイチエル.,"エムエイチエル.は、都会的で洗練されたミニマルスタイルを提案する日本のファッションブランドです。無駄を削ぎ落としたシンプルなデザインの中に、上質な素材と卓越した縫製技術が光ります。デザイン哲学は「着る人の個性を引き立てる服作り」。ベーシックアイテムを軸に、シルエットやディテールにこだわり、着る人の個性を際立たせる洗練されたデザインを追求しています。

ターゲット層は、20代後半から40代のキャリア女性で、高品質な素材と着心地の良さを重視する方。シンプルながらも個性的なスタイルを好む、洗練された感性を持つ女性に向けたブランドです。代表的なアイテムは、上質なコットンを使用したシャツ、美しいドレープが特徴のワンピース、そして都会的な雰囲気を醸し出すテーパードパンツなど。着回しやすさと上品さを兼ね備え、長く愛用できるアイテムが揃っています。",,
3195,オーラリー,"オーラリーは、日本のファッションブランド。上質な素材とシンプルなデザインを組み合わせた、ミニマルで洗練されたスタイルが特徴です。デザイナー岩井良太が提唱する「着る人の人生に寄り添う服」という理念に基づき、普遍的な美しさと高い機能性を両立。

デザイン哲学は、時代を超越したタイムレスな美しさ。無駄を削ぎ落としたミニマルなシルエットと、上質な天然素材を使用することで、着心地の良さだけでなく、洗練された大人の魅力を引き立てます。定番のコットンシャツやスウェット、ニット、そして上品なコートなど、長く愛用できるアイテムが揃います。

ターゲット層は、着るものにこだわりを持ち、質の高い素材と丁寧な仕立てを好む30代～50代の男女。着る人の個性を邪魔することなく、自然と洗練されたスタイルを演出したいと考える層に支持されています。代表的なアイテムは、上質なスーパーキッドモヘアを使用したニットや、着心地の良いオーガニックコットンを使用したシャツ、そして上品な光沢感を持つリネン素材のアイテムなどです。",,
3520,オデット エ オディール,"オデット エ オディールは、株式会社ユナイテッドアローズが展開する、洗練された大人の女性に向けたファッションブランドです。上質な素材と丁寧な仕立てを重視し、トレンドを取り入れながらも、普遍的な美しさを持つアイテムを提案しています。

デザイン哲学は、「大人の女性が日常で美しくいられる服」。ベーシックなアイテムをベースに、シルエットやディテールにこだわり、着る人の個性を引き立てるデザインが特徴です。控えめながらも存在感のあるデザインは、幅広い年齢層の女性から支持されています。

代表的なアイテムは、上品なデザインのワンピースやブラウス、そしてシルエットの美しいパンツ。靴やバッグなどのアクセサリーも充実しており、トータルコーディネートを提案しています。落ち着きのあるカラーパレットと、着心地のよさを両立したアイテムは、オフィスシーンからデイリーユースまで、幅広いシーンで活躍します。洗練されたスタイルを求める、30代〜40代のキャリア女性をターゲットとしています。",,
3138,オリアン,"オリアンは、イタリアの伝統と現代的な感性を融合させたシャツブランドです。上質な素材と熟練の職人技による、着心地の良さと洗練されたデザインが特徴です。細部にまでこだわった美しいシルエットと、着る人の個性を引き立てるシンプルながらも存在感のあるデザイン哲学が、オリアンの魅力です。

ターゲット層は、上質な着心地とデザイン性を求める30代〜50代の男性、特にビジネスシーンやフォーマルな場面で着るシャツにこだわる層です。代表的なアイテムは、イタリアンカラーシャツやボタンダウンシャツなど、様々なスタイルに対応できる幅広いラインナップを展開しています。定番の無地やストライプ柄はもちろん、さりげない柄や織りなど、細かなディテールにもこだわりが感じられます。着るだけで風格と品格を演出する、大人の男性のためのシャツブランドと言えるでしょう。",,
3185,キャット コピー,"キャット コピーは、遊び心とアイロニーを効かせた、ユニークなデザインが特徴のファッションブランドです。  猫をモチーフにしたアイテムを取り入れつつ、レトロな要素やストリートカルチャーのエッセンスを巧みに融合。  デザイン哲学は「日常に潜むユーモアを発見し、それをファッションで表現する」こと。  大胆なグラフィックプリントや、猫をデフォルメした刺繍、遊び心のあるシルエットが特徴的で、既存の枠にとらわれない自由な発想が見て取れます。

ターゲット層は、個性的でトレンドに敏感な若者から、ユーモアのあるファッションを楽しみたい大人まで幅広く、年齢や性別にとらわれない自由なスタイルを好む層に支持されています。  代表的なアイテムは、猫のイラストがプリントされたTシャツやスウェット、猫の耳が付いた帽子、猫のシルエットを模したアクセサリーなど。  着心地の良さと、高いデザイン性、そして適度な価格帯が魅力です。",,
3165,キワンダ,"キワンダは、自然と都市生活の調和をコンセプトに掲げる新進気鋭のファッションブランドです。都会的な洗練さと自然の穏やかさを融合させた、ミニマルで機能的なデザインが特徴です。オーガニックコットンやリネンなどの天然素材を積極的に使用し、着心地の良さにもこだわっています。

デザイン哲学は「心地よさの中に、さりげない個性を」 。ベーシックなアイテムをベースに、独自のシルエットやディテールで、着る人の個性を引き立てるデザインを展開しています。代表的なアイテムは、着回し力の高いリネンシャツ、ゆったりとしたシルエットのワイドパンツ、そして上質な肌触りのオーガニックコットンを使用したニットウェアです。

ターゲット層は、環境問題に関心を持ち、自然体で洗練されたスタイルを好む20代後半から40代の女性。シンプルながらも高品質なアイテムを求め、長く愛用できる服を大切に考える方々に支持されています。",,
3106,グレンロイヤル,"グレンロイヤルは、英国スコットランドで1979年に創業したレザーグッズブランドです。伝統的な製法と上質な英国産ブライドルレザーを使用し、時代を超越するクラシカルなデザインが特徴です。

ブランドの哲学は、「長く使える、質の高い製品を作る」こと。無駄を省いたシンプルなデザインの中に、熟練職人の技が光る丁寧な作り込みが感じられます。  堅牢で美しい経年変化を楽しめるため、長く愛用することで深まる風格が魅力です。

ターゲット層は、質の高い製品を長く愛用したい、上質な素材と伝統的な職人技を大切にする30代後半～50代の男性をメインに、上品さを求める女性にも支持されています。

代表的なアイテムは、ブライドルレザーの長財布や名刺入れ、そしてビジネスバッグなど。  使い込むほどに深みを増すレザーの風合いと、英国紳士を彷彿とさせる品格が、グレンロイヤルの魅力を凝縮しています。  長く付き合える、本物の価値を追求する大人のためのブランドと言えるでしょう。",,
3152,コエ,"「コエ（koe）」は、シンプルながらも洗練されたデザインが特徴の日本のファッションブランドです。自然体でいながらも、着る人の個性を引き立てることをデザイン哲学としています。ベーシックアイテムを軸に、着心地の良い天然素材や上質な加工を重視し、デイリーウェアから特別な日の装いまで幅広くカバーしています。

ターゲット層は、30代〜40代の働く女性を中心とした、シンプルで上品なスタイルを好む大人の女性です。流行に左右されず、長く愛用できるアイテムを求める層に支持されています。

代表的なアイテムとしては、上質な素材を使用したブラウスやカットソー、シルエットにこだわったワンピースやパンツなどが挙げられます。着回しやすさと高品質を両立させたアイテムは、大人の女性のカジュアルスタイルをワンランクアップさせてくれます。  着心地の良さや素材へのこだわりもブランドの大きな魅力であり、長く愛せる服を求める人々に支持されている理由です。",,
3097,コモリ,"コモリは、日本のファッションブランドで、上質な素材と丁寧な縫製による、普遍的な魅力を持つ服作りが特徴です。ミニマルながらも、絶妙なシルエットやディテールへのこだわりが光る、洗練されたデザインが持ち味。ゆったりとしたリラックス感のある着心地ながら、上品でどこか凛とした雰囲気を醸し出します。

デザイン哲学は「着る人の人生に寄り添う服」であり、流行に左右されないタイムレスなアイテムが多いです。定番のバンドカラーシャツや、独特のゆったりとしたシルエットのジャケット、上品なワイドパンツなどが代表的なアイテム。高品質なコットンやリネンなど天然素材を多用し、着込むほどに風合いが増す経年変化も楽しめる。

ターゲット層は、年齢や性別を超えて、上質な素材と丁寧な作りに価値を見出し、長く愛用できる服を求める、成熟した感性を持つ大人たちです。シンプルながらも存在感のあるコモリの服は、着る人の個性を自然と引き立てます。",,
3175,ザ サカキ,"ザ サカキは、日本の若手デザイナー、榊（仮名）が手がける、現代的なミニマルスタイルを提案するブランドです。自然な素材感と洗練されたシルエットを重視し、無駄を削ぎ落としたシンプルなデザインが特徴です。幾何学的なパターンや、アシンメトリーなディテールをさりげなく取り入れることで、着る人の個性を引き立てる、控えめながらも存在感のある服作りを目指しています。

ターゲット層は、20代後半から30代前半の、洗練された感性を持つ都市生活者。着心地の良さだけでなく、素材や縫製へのこだわりにも価値を見出す、品質に敏感な層に支持されています。代表的なアイテムは、上質なリネンやコットンを使用したシャツ、ドレープが美しいワンピース、そして、ミニマルなデザインながらも巧みなパターンワークが光るパンツ。ベーシックカラーを基調としつつ、季節感を取り入れたニュアンスカラーも展開しており、長く愛用できるタイムレスなコレクションを展開しています。",,
3189,ザ・ディレッタント,"ザ・ディレッタントは、洗練されたミニマリズムと、遊び心のあるディテールを融合させた独自のスタイルを提案するファッションブランドです。デザイン哲学は「日常の装いを、さりげなく特別な時間に昇華する」ことにあり、高品質な素材と卓越した縫製技術によって、上質な着心地と美しいシルエットを実現しています。

ターゲット層は、30代後半から50代のキャリア女性や、洗練されたスタイルを好む大人の女性。トレンドに左右されず、自身の個性を大切にしたいと考えている層に支持されています。

代表的なアイテムは、上質なシルクやカシミヤを用いたシンプルなブラウスやニット、美しいドレープが特徴のワンピース、そして、さりげなく個性を主張するアクセサリーなど。控えめながらも存在感のあるデザインは、幅広いシーンで活躍します。  普遍的なエレガンスと、少しの遊び心という絶妙なバランスが、ザ・ディレッタントの魅力です。",,
3129,サトコ オザワ,サトコ オザワは、現代女性の洗練された日常着を提案する日本のファッションブランドです。  ミニマルで機能的なデザインをベースに、上質な素材と丁寧な仕立てが特徴。無駄を省いたシンプルなシルエットの中に、さりげないディテールやこだわりの素材使いで、着る人の個性を引き立てます。  代表的なアイテムは、着心地の良いシャツブラウスや、シルエットが美しいワンピース、そして上質な素材を用いたコートなど。  ベーシックカラーを軸に、季節感のあるニュアンスカラーを取り入れ、幅広い年齢層の女性が着こなしやすいコレクションを展開しています。  洗練されたミニマリズムを好む、30代後半から50代のキャリア女性や、質の高い日常着を求める大人の女性をターゲットとしています。  「着る人の生活に寄り添う服」というデザイン哲学が、サトコ オザワの魅力です。,,
3125,サトミ カワキタ,サトミ カワキタは、繊細な職人技と現代的な感性を融合させた、唯一無二の女性向けファッションブランドです。ブランドを象徴するのは、上質な天然素材を用いた、洗練されたシルエットとミニマルなデザイン。無駄を削ぎ落としたシンプルな中に、独自のカットやディテールが光る、着る人の個性を際立たせるアイテムが特徴です。代表的なアイテムは、流れるようなドレープが美しいワンピースや、上質なカシミヤニット、そして完璧な仕立てのジャケットなど。  ベーシックカラーを基調としつつ、季節感を取り入れたニュアンスカラーも巧みに用いることで、タイムレスなエレガンスと現代的なトレンドを両立させています。知的で洗練されたスタイルを好む、30代後半から50代前半の女性をターゲット層とし、長く愛用できる上質な服を求める成熟した女性に支持されています。,,
3088,サラ バッタリア,"サラ バッタリアは、イタリア発のコンテンポラリーブランドであり、現代女性の洗練された強さを表現しています。大胆なシルエットと、上質な素材使いが特徴で、ミニマルなデザインの中に、女性らしい繊細さを織り交ぜた独自のスタイルを確立しています。

デザイン哲学は「都会的で洗練された、自信に満ちた女性」像。  無駄を省いたシンプルなデザインの中に、さりげなく個性を主張できるディテールが散りばめられています。  強すぎず、弱すぎない、ちょうど良いバランス感覚が魅力です。

ターゲット層は、キャリアを築き、自分自身をしっかりと理解している30代後半から40代前半の女性。  上品さと個性を両立させ、洗練されたスタイルを求める層に支持されています。

代表的なアイテムは、上質な素材を使用したテーラードジャケット、流れるようなシルエットのワンピース、そして、タイムレスなデザインのアクセサリーなど。  着心地の良さにもこだわり、長く愛用できるアイテムを提案しています。  全体を通して、モダンで洗練された、そして力強い女性像を投影しています。",,
3212,サルバム,サルバムは、日本のファッションブランドで、独特のユーモアとアイロニーを込めたデザインが特徴です。  古着やヴィンテージウェアへの造詣が深く、それらを再解釈した、どこか懐かしく、それでいて新鮮なスタイルを提案しています。  デザイン哲学は、既存の概念を遊び心を持って解体し、再構築すること。  オーバーサイズシルエットや、独特のグラフィック、そして古着のディテールを取り入れたアイテムが中心です。  代表的なアイテムとしては、再構築されたデニムジャケットやシャツ、個性的なプリントTシャツなどが挙げられます。  ターゲット層は、トレンドに左右されず、独自のスタイルを確立したい、若年層からミドルエイジ層の個性的な感性を持ち合わせた男性、女性です。  着る人の個性を際立たせる、遊び心とクオリティを兼ね備えたブランドと言えるでしょう。,,
3137,ジーティーアー,"ジーティーアー(GTAR)は、イタリア発祥のブランドで、都会的な洗練さとイタリアならではのクラフトマンシップを融合させたメンズウェアが特徴です。デザイン哲学は「モダン・クラシック」。伝統的なテーラリング技術をベースに、現代的なシルエットやディテールを取り入れ、時代を超越したエレガンスを追求しています。

シンプルながらも洗練されたデザインは、無駄を削ぎ落としたミニマルなスタイルから、さりげなく個性を主張するディテールまで幅広く展開。上質な素材使いにもこだわり、着心地と耐久性を両立させています。代表的なアイテムは、美しいシルエットのジャケット、洗練されたデザインのシャツ、そして上質なレザーアイテムなど。

ターゲット層は、30代後半から50代以上の、仕事にもプライベートにも自信を持ち、質の高いものを求める男性。流行に左右されず、自身のスタイルを確立している、洗練された大人の男性に支持されています。",,
3141,シャンボール セリエ,"シャンボール セリエは、上質な素材と丁寧な仕立てを重視する日本のファッションブランドです。ミニマルで洗練されたデザインが特徴で、無駄を削ぎ落としたシンプルなシルエットの中に、さりげない個性が光ります。  デザイン哲学は「着る人の個性を引き立てる服作り」。流行に左右されない普遍的な美しさを追求し、長く愛用できるアイテムを提供しています。

ターゲット層は、シンプルながらも高品質な服を求める30代後半〜50代の女性。  上質な素材へのこだわりから、上質なライフスタイルを享受する大人の女性に支持されています。代表的なアイテムは、上質なリネンやコットンを使用したブラウス、美しいドレープが魅力的なワンピース、そして細部まで丁寧に作られたジャケットなど。  控えめながらも存在感を放つ、洗練されたスタイルを好む方におすすめです。",,
3194,ジョシュア・サンダース,"ジョシュア・サンダースは、現代的なミニマリズムと洗練されたテーラリングを融合させた、英国発のメンズウェアブランドです。無駄を削ぎ落としたシンプルなデザインの中に、上質な素材と卓越した仕立ての技術が光ります。デザイン哲学は「タイムレスなエレガンス」。流行に左右されない、長く愛用できるアイテム作りを追求しています。

代表的なアイテムは、完璧なシルエットのシャツ、上質なカシミアセーター、そして細部までこだわったテーラードジャケット。  天然素材を主に使用し、ニュートラルカラーを基調とした落ち着いた色使いが特徴です。

ターゲット層は、品質とデザイン性を重視し、洗練されたスタイルを好む30代から50代の男性。  確かな素材と丁寧な仕立てによって生み出される、自信に満ちた大人の男性像を提案しています。  シンプルながらも存在感のある、普遍的な魅力を持つコレクションが支持されています。",,
3193,センスオブプレイス バイ アーバンリサーチ,"センスオブプレイス バイ アーバンリサーチは、アーバンリサーチが展開する、自然体で洗練されたスタイルを提案するブランドです。都会的な感性と自然なリラックス感を融合させ、着心地の良さと上品さを両立したデザインが特徴です。ベーシックなアイテムを軸に、上質な素材や丁寧な縫製、さりげないディテールへのこだわりが光ります。

デザイン哲学は、「心地よさ」と「さりげないおしゃれ」。トレンドに左右されず、長く愛用できる普遍的なアイテムを展開しています。ターゲット層は、20代後半から40代の女性で、着こなしに自信を持ち、自分らしいスタイルを確立したいと考えている層です。

代表的なアイテムとしては、上質な素材を使用したワンピースやブラウス、シルエットが美しいパンツなどが挙げられます。ナチュラルなカラーパレットとシンプルなデザインは、幅広い年齢層やライフスタイルにフィットし、着る人の個性を引き立てます。",,
3155,ターク,"タークは、上質な素材と洗練されたシルエットを特徴とする、日本のファッションブランドです。ミニマルでモダンなデザイン哲学を基盤に、着る人の個性を引き立てる、シンプルながらも存在感のあるアイテムを展開しています。

定番アイテムであるシャツやブラウスは、上質なコットンやリネンを使用し、丁寧に仕立てられた美しいドレープとシルエットが魅力。無駄を省いたミニマルなデザインは、幅広い年齢層やスタイルに合わせやすく、着回し力も抜群です。  また、着心地の良さにも徹底的にこだわり、日常使いしやすい機能性も兼ね備えています。

ターゲット層は、シンプルながらも洗練されたスタイルを好む、30代から50代の女性。着るだけで上品な印象を与え、日常から特別なシーンまで幅広く活躍するアイテムを求める、自立した女性に支持されています。 代表的なアイテムは、上質な素材と完璧なカッティングのシャツ、そして、都会的なシルエットのパンツやスカートです。  タイムレスなエレガンスを追求するブランドとして、長く愛用できる高品質なワードローブを提供しています。",,
3167,タイメックス,"タイメックスは、アメリカを代表するウォッチブランドとして、長きに渡り親しまれてきた老舗です。そのデザイン哲学は「機能性と耐久性を兼ね備えた、誰もが手の届く価格帯の時計」というシンプルなもの。無駄を削ぎ落としたミニマルなデザインと、信頼性の高いムーブメントが特徴です。

ターゲット層は、年齢や性別を問わず、実用性とデザイン性を両立させた時計を求める幅広い層です。特に、カジュアルなスタイルを好む人々や、アウトドアアクティビティを楽しむ人々から支持を集めています。

代表的なアイテムは、アイコニックなキャンパーや、多機能なウィークエンダー、そして近年人気の高いデジタルウォッチなど。定番モデルからトレンドを取り入れたデザインまで、豊富なバリエーションを展開し、ライフスタイルに合わせた時計選びを可能にしています。シンプルで普遍的なデザインは、長く愛用できる魅力も持ち合わせています。",,
3168,ダブレット,"ダブレット(doublet)は、日本のファッションブランド。既存の概念を覆す独創的なデザインと、ユーモラスで挑発的な表現が特徴です。デザイナーの井野将之は、既存の服飾技術や既成概念を解体し、再構築することで、新たな価値観を提案しています。

そのスタイルは、ストリートウェアをベースに、古着やヴィンテージ、そしてアートやサブカルチャーからのインスピレーションを融合。解体と再構築、異素材の組み合わせ、大胆なグラフィックプリントなど、実験的な手法を積極的に取り入れています。代表的なアイテムは、再構築されたデニムジャケットや、遊び心のあるプリントTシャツ、独創的なシルエットのパンツなど。

ターゲット層は、ファッションに造詣が深く、個性的なスタイルを好む若者から大人までと幅広く、既成概念にとらわれず、自己表現を重視する層に支持されています。高いデザイン性と、着る人の個性を際立たせる独特の世界観が、ダブレットの魅力と言えるでしょう。",,
3211,ツモリ チサト スリープ,"ツモリ チサト スリープは、デザイナー津森千里が手掛ける寝具ブランド。同名のファッションブランド「ツモリ チサト」の世界観を受け継ぎつつ、リラックス感と遊び心を兼ね備えたデザインが特徴です。猫や花、幾何学模様など、独創的で可愛らしいモチーフを大胆に用い、パジャマやルームウェア、ブランケットなど、上質な素材と丁寧な縫製で快適な眠りを演出します。

独特の色彩感覚とユーモラスなプリントは、個性を大切にする女性をターゲットにしています。  代表的なアイテムは、猫モチーフのプリントが施されたパジャマや、柔らかな肌触りのルームウェア、鮮やかな色合いのブランケットなど。  日常を彩る、楽しくて心地良いアイテムを求める、30代～50代の女性を中心に支持されています。  単なる寝具ではなく、心安らぐ空間を創造する、ライフスタイル提案型のブランドと言えるでしょう。",,
3320,ディガウェル 4,"ディガウェル 4は、都会的で洗練されたミニマルなスタイルを追求する日本のファッションブランドです。  シンプルながらも独自の個性を放つデザインは、高品質な素材と丁寧な仕立てによって支えられています。  無駄を省いた構築的なシルエットと、ベーシックカラーを基調とした落ち着いた色使いが特徴で、普遍的な美しさを重視しています。

デザイン哲学は、「日常に寄り添う、上質なシンプル」と言えるでしょう。  流行に左右されることなく、長く愛用できるアイテムづくりを目指しています。  代表的なアイテムは、上質なコットンやリネンを使用したシャツ、着心地の良いニット、そして洗練されたシルエットのパンツなど。  年齢や性別にとらわれず、ミニマルで質の高いスタイルを好む、洗練された感性を持つ大人をターゲット層としています。  ディガウェル 4の服は、着る人の個性を引き立て、自信に満ちたスタイリングを可能にします。",,
3180,ティルマン ローターバッハ,"ティルマン ローターバッハは、上質な素材と洗練されたシルエットを追求する、ドイツ発のラグジュアリーブランドです。ミニマルをベースにしながらも、独創的なディテールや構築的なデザインで、他とは一線を画す独自のスタイルを確立しています。  

ブランドの哲学は「タイムレスなエレガンス」。流行に左右されない、長く愛用できる服作りを重視し、上質なカシミヤやシルク、ウールなどの天然素材をふんだんに使用。完璧なカッティングと仕立ての技術は、着心地の良さだけでなく、洗練された雰囲気を醸し出します。

代表的なアイテムは、都会的な雰囲気を漂わせるテーラードジャケットや、身体のラインを美しく見せるドレス、そして、シンプルながらも存在感を放つニットウェア。年齢や性別にとらわれず、普遍的な美しさを求める、洗練された感性を持つ大人の男女をターゲットとしています。  控えめな高級感を好む、質の高いライフスタイルを送る層に支持されていると言えるでしょう。",,
3260,トゥービー バイ アニエスベー,"トゥービー バイ アニエスベーは、アニエスベーから派生した、よりカジュアルで幅広い層をターゲットにしたブランドです。アニエスベーのミニマルで洗練されたデザイン哲学を受け継ぎつつ、デイリーウェアとして着回しやすく、価格帯も比較的リーズナブルな点が特徴です。

ベーシックカラーを基調としたシンプルながらも、さりげないデザインディテールや素材使いで、上品さと個性を両立。Tシャツ、カーディガン、ワンピースといった定番アイテムから、ジャケットやパンツなどのアウターまで、幅広いアイテム展開をしています。  ロゴ入りのTシャツや、定番のボーダー柄トップスはブランドのアイコンとして人気です。

ターゲット層は、年齢やライフスタイルを問わず、シンプルで質の良い服を好む、幅広い世代の男女。着心地の良さや、長く愛用できる耐久性にもこだわり、普遍的なスタイルを求める人々に支持されています。",,
3094,トウキョウボッパー,"トウキョウボッパーは、東京のストリートカルチャーとレトロなアメリカンスタイルを融合させた、独創的なファッションブランドです。大胆なグラフィックプリントや、ヴィンテージライクな加工を施したデニム、そして50～60年代のロックンロールや映画からインスパイアされたデザインが特徴です。  デザイン哲学は「東京のエネルギーとアメリカンルーツの融合」。遊び心と自信に満ちたスタイルを提案し、古着のような温かみと現代的なエッジを両立させています。

ターゲット層は、個性を大切にし、トレンドに流されない独自のスタイルを持つ若者から大人まで。代表的なアイテムは、個性的なプリントTシャツ、ダメージ加工が施されたデニムジャケット、ヴィンテージ風のボーリングシャツなど。高品質な素材を使用しつつ、手頃な価格帯も魅力で、着こなしやすいアイテムが多く揃っています。レトロでクールなスタイルを好む、自由奔放でエネルギッシュな層に支持されています。",,
3136,トラディショナル ウェザーウェア,"トラディショナル ウェザーウェアは、英国の伝統的なスタイルを現代的に解釈したファッションブランドです。上質な素材と丁寧な縫製にこだわり、英国のアウトドアウェアやワークウェアからインスピレーションを得た、実用的で洗練されたデザインが特徴です。

デザイン哲学は、クラシックなシルエットをベースに、現代的なディテールやシルエットを取り入れることで、時代を超越した普遍的な魅力を追求すること。無駄を省いたミニマルなデザインの中に、英国らしい上品さと温もりを感じさせる点が魅力です。

ターゲット層は、年齢や性別にとらわれず、質の良い服を長く愛用したいと考えている人々。自然体で洗練されたスタイルを好む、30代から50代の女性を中心に支持されています。

代表的なアイテムは、防水性や防風性に優れたキルティングジャケット、上質な素材を使用したコート、そして定番のチェック柄ワンピースなど。機能性とスタイルを両立させたアイテムは、都会的なライフスタイルにも自然と溶け込みます。",,
3146,ネーム,"ネームは、現代的なミニマリズムを体現する日本のファッションブランドです。洗練されたシルエットと高品質な素材使いが特徴で、シンプルながらも存在感を感じさせるデザインが魅力。無駄を省いた直線的なカットや、ニュートラルカラーを基調としたカラーパレットは、着る人の個性を引き立てます。

デザイン哲学は「Less is more」。過剰な装飾を避け、素材本来の美しさや着心地の良さを重視。完璧なカッティングと仕立ての技術は、長く愛用できるタイムレスなアイテムを生み出しています。代表的なアイテムは、上質なコットンを使用したシャツ、滑らかな肌触りのニット、そして体に沿うような美しいドレープのワンピース。

ターゲット層は、ミニマルなスタイルを好む、洗練された感性を持つ20代後半から40代の女性。流行に左右されず、質の高いアイテムを長く大切にしたいと考える、自立した女性に向けたブランドです。",,
3163,ネオンサイン,"ネオンサインは、日本のファッションブランド。デザイナーの自身の世界観を投影した、独特のストリートウェアを展開している。オーバーサイズシルエットや、大胆なグラフィック、そしてアイロニーを効かせたユーモラスなデザインが特徴だ。古着やヴィンテージアイテムへの造詣が深く、それらからインスパイアされたデザインや素材使いも頻繁に見られる。

デザイン哲学は、既存の枠にとらわれない自由な発想と、高い技術力に基づく丁寧な物作り。古着の持つ懐かしさや独特の風合いを現代的に再解釈し、新たな価値を創造している。ドロップショルダーのシャツや、リラックスシルエットのパンツ、そしてインパクトのあるプリントTシャツなどが代表的なアイテム。

ターゲット層は、トレンドに敏感で、個性的なスタイルを追求する若者から大人まで幅広い。古着好きや、ストリートカルチャーに造詣の深い層からも高い支持を得ている。  洗練されたデザインと、着心地の良さ、そして遊び心のあるディテールが、ネオンサインの魅力と言えるだろう。",,
3200,ノアファー,"ノアファーは、都会的で洗練されたミニマルスタイルを追求するファッションブランドです。シンプルながらも高品質な素材と完璧なカッティングにこだわり、着る人の個性を際立たせる、タイムレスなデザインを提供しています。デザイン哲学は「Less is More」。無駄を省いたミニマルなシルエットと、ニュートラルカラーを基調としたカラーパレットが特徴です。

ターゲット層は、洗練されたスタイルと高い品質を重視する、20代後半から40代の都市生活者。特に、キャリアを積む女性や、ミニマルで上品なスタイルを好む男性に支持されています。代表的なアイテムは、上質なカシミヤやシルクを使用したニットウェア、無駄を削ぎ落としたシルエットのシャツやブラウス、そして身体のラインを美しく見せるテーラードジャケットなど。流行に左右されない普遍的な美しさを求める、洗練された感性を持つ大人に向けたブランドです。",,
3291,ノーマティーディー,"ノーマティーディーは、都会的な洗練さとリラックス感を融合させた、新しい時代のカジュアルウェアを提案するブランドです。ミニマルなデザインをベースに、上質な素材と高い技術力を活かした、着心地の良さとシルエットの美しさにこだわったアイテムが特徴です。

デザイン哲学は「日常の着こなしをアップデートする」。シンプルながらも存在感のあるシルエット、さりげないディテール、そして着る人の個性を引き立てる洗練されたカラーパレットが、ノーマティーディーのスタイルを象徴しています。代表的なアイテムは、上質なコットンを使用したTシャツや、着回し力の高いシンプルなシャツ、そして美しいドレープが魅力的なワンピースなど。

ターゲット層は、トレンドに左右されず、自分らしいスタイルを確立したいと考えている20代後半から40代の女性。高い品質と着心地へのこだわりを重視し、長く愛用できるアイテムを求める、感度の高い女性たちに支持されています。",,
3143,ハウスコミューン,"ハウスコミューンは、都会的で洗練されたミニマルスタイルを提案するファッションブランドです。無駄を省いたシンプルなデザインと、上質な素材使いが特徴。デザイン哲学は「日常に溶け込む、さりげない贅沢」。ベーシックなアイテムを軸に、着心地とシルエットの美しさにこだわり、長く愛用できる服作りを目指しています。

ターゲット層は、20代後半から40代の働く女性。キャリアを積み重ね、自分らしいスタイルを確立しつつある、自立した女性をイメージしています。代表的なアイテムは、上質なコットンを使用したシャツ、体に沿う美しいシルエットのワンピース、そして着回し力の高いテーパードパンツなど。ニュートラルカラーを基調とした、オフィスにも休日にも着られる汎用性の高いアイテムが揃っています。  上品で控えめなデザインの中に、さりげない個性が光る、洗練された大人の女性のためのブランドと言えるでしょう。",,
3199,ハオリ ドゥ ティティ,"「ハオリ ドゥ ティティ」は、日本の伝統的な羽織を現代的に再解釈した、ユニセックスなファッションブランドです。デザイン哲学は「伝統と革新の融合」。時代を超越する和の精神と、現代的なシルエットや素材使いを巧みに組み合わせ、唯一無二のスタイルを提案しています。

代表的なアイテムは、羽織をベースとしたジャケットやコート。ゆったりとしたシルエットながらも、洗練されたディテールワークが特徴です。上質なリネンやシルク、オーガニックコットンなど、自然素材へのこだわりも強く、着心地の良さを追求しています。

ターゲット層は、日本の伝統文化に造詣が深く、個性的なスタイルを好む20代後半〜40代の男女。ミニマルながらも存在感のあるデザインは、年齢や性別を超えて幅広い層に支持されています。着る人の個性を際立たせ、自信に満ちたスタイルを演出するブランドと言えるでしょう。",,
3246,ビームス ボーイ,"ビームス ボーイは、セレクトショップ「ビームス」が展開するウィメンズブランド。普遍的な価値観をベースに、時代性を取り入れた独自のスタイルを提案している点が特徴です。デザイン哲学は「さりげなく個性を主張する」こと。トレンドに左右されず、長く愛用できる上質なアイテムを展開しています。

ベーシックなアイテムをベースに、素材やディテールへのこだわり、そして程よくトレンド感をミックスすることで、洗練されたカジュアルスタイルを構築。ターゲット層は、20代後半から40代の働く女性を中心に、自立した考えを持ち、着心地と質にこだわる女性です。

代表的なアイテムは、上質な素材を使用したシャツやブラウス、着回し力の高いワンピース、そして定番のデニムなど。シンプルながらも、シルエットや素材感にこだわり、着る人の個性を引き立てるデザインが魅力。ベーシックでありながら、どこか遊び心を感じさせる、独自のムードがビームス ボーイの魅力となっています。",,
3312,ヒステリックス,"ヒステリックスは、独自のロックテイストとヴィンテージ感を融合させたスタイルで知られる日本のファッションブランドです。  デザイン哲学は、古着やミリタリーウェアといった普遍的なアイテムを再解釈し、現代的な感性で昇華させることにあります。  大胆なグラフィックプリントや、古着特有の風合いを活かした加工、そしてロック、パンク、バイカーといったサブカルチャーへのオマージュが特徴です。

ターゲット層は、個性的で自由なスタイルを好む若者から大人までと幅広く、特にロックやヴィンテージファッションに造詣が深い層に支持されています。  代表的なアイテムは、ヴィンテージ加工を施したデニムジャケットやTシャツ、インパクトのあるプリントが施されたワンピースなど。  着古したような風合いと、洗練されたデザインのバランスが、ヒステリックスの魅力と言えるでしょう。  他ブランドにはない独自の雰囲気を持つ、こだわりのアイテムが揃っています。",,
3205,ファイヤーワイヤー,"ファイヤーワイヤーは、都会的なストリートスタイルをベースに、大胆なグラフィックと鮮やかな色彩を融合させたファッションブランドです。デザイン哲学は「自由な自己表現」であり、既存の枠にとらわれず、個々のアイデンティティを際立たせるアイテムを提案しています。オーバーサイズシルエットや大胆なロゴプリント、そしてストリートカルチャーとアートを融合させた独創的なデザインが特徴です。

ターゲット層は、トレンドに敏感で、個性的なスタイルを求める若者から大人まで幅広く、特に自由な発想と自己表現を重視する層に支持されています。代表的なアイテムは、インパクトのあるグラフィックTシャツ、ストリートスタイルに適したゆったりとしたシルエットのパンツ、そしてブランドロゴを配したキャップやアクセサリーなど。高品質な素材を使用しながら、手の届きやすい価格帯も魅力の一つです。",,
3149,フィグ＆ヴァイパー,"フィグ＆ヴァイパーは、都会的で洗練されたスタイルを提案する新進気鋭のファッションブランドです。ブランド名は、相反する要素「繊細さ」と「力強さ」を象徴し、デザイン哲学の中核を成しています。繊細な素材使いと大胆なシルエット、そしてミニマルなデザインの中に潜む遊び心のあるディテールが特徴です。

ターゲット層は、20代後半から30代のキャリア女性や、個性を大切にする感度の高い女性。独立心があり、洗練されたスタイルで自己表現を楽しみたいと考えている層に向けたコレクションを展開しています。

代表的なアイテムは、上質なシルクやリネンを用いたブラウス、都会的な雰囲気漂うテーラードジャケット、そして、大胆なカッティングが特徴的なワンピースなど。ベーシックカラーを軸に、アクセントカラーを効果的に用いた、着回しやすく、かつ個性を際立たせるアイテムが揃います。  機能性とデザイン性を両立させ、日常から特別な日まで幅広く活躍する、タイムレスな魅力を持つコレクションがフィグ＆ヴァイパーの真骨頂です。",,
3264,フィリップモデル,"フィリップモデルは、イタリア発のラグジュアリー・スニーカーブランドです。上質な素材とクラフトマンシップを駆使し、洗練されたデザインと快適性を両立させたスニーカーを展開しています。デザイン哲学は、スポーティな要素とエレガントなテイストを融合させることで、カジュアルなスタイルの中に上品さを加える点にあります。

代表的なアイテムは、ブランドを象徴する「パリ」シリーズをはじめとした、様々なデザインのスニーカーです。定番モデルは、上質なレザーやスエードを使用し、シンプルなデザインながらも、細部までこだわったディテールが魅力です。

ターゲット層は、ファッションに敏感で、高品質なアイテムを好む20代後半から40代の男女。カジュアルな装いをワンランクアップさせたい、大人のための洗練されたスニーカーを求める層に支持されています。  スポーティながらも上品なスタイルを好む、都会的なライフスタイルを送る人々にとって、理想的な選択肢と言えるでしょう。",,
3182,フェイ,"フェイは、現代女性のライフスタイルに寄り添う、洗練されたミニマルスタイルを提案するブランドです。シンプルながらも高品質な素材と、計算されたシルエットが特徴。デザイン哲学は「Less is More」。余計な装飾を排除し、着る人の個性を際立たせる、タイムレスなデザインを追求しています。

代表的なアイテムは、上質なコットンやリネンを使用したシャツやブラウス、すっきりとしたシルエットのワンピース、そして身体のラインを美しく見せるパンツ。ベーシックカラーを基調に、季節感を取り入れたニュアンスカラーも展開。着心地の良さにもこだわり、日常使いしやすい実用性も兼ね備えています。

ターゲット層は、30代から40代のキャリアウーマンや、洗練されたスタイルを好む女性。流行に左右されず、長く愛用できる高品質なアイテムを求める、自立した女性を魅了しています。  上質な素材と丁寧な仕立てが織りなす、自信に満ちた大人の女性像を提案するブランドと言えるでしょう。",,
3181,フォレ・ル・パージュ,"フォレ・ル・パージュは、フランスの伝統と現代的な感性を融合させたエレガントなレディースブランドです。上質な素材と緻密な縫製技術へのこだわりが、ブランドのアイデンティティを形成しています。デザイン哲学は、洗練されたミニマルなスタイルの中に、さりげない遊び心や女性らしさを織り交ぜること。装飾を控え、シルエットの美しさや素材の質感を際立たせることで、着る人の個性を自然と引き立てます。

ターゲット層は、30代後半から50代前半の、キャリアを築き、自身のスタイルを確立した女性。上品でタイムレスなアイテムを求める彼女たちは、フォレ・ル・パージュの確かな品質と洗練されたデザインに共感します。代表的なアイテムは、上質なカシミヤやシルクを使用したニットウェア、美しいドレープが特徴のワンピース、そして、シンプルなデザインながら存在感を放つコートなど。控えめながらも、確かな存在感を示す、大人の女性のためのブランドと言えるでしょう。",,
3211,フットストック・オリジナルズ,"フットストック・オリジナルズは、快適さと機能性を重視したフットウェアブランドです。ミニマルで洗練されたデザイン哲学を掲げ、無駄を削ぎ落としたシンプルなシルエットと、高品質な素材使いが特徴です。  デザインは、トレンドに左右されず、長く愛用できるタイムレスなスタイルを追求。スニーカーやサンダルといった定番アイテムを軸に、洗練されたカラーパレットと上質な素材を用いることで、日常使いから特別なシーンまで幅広く対応できるアイテムを展開しています。

ターゲット層は、品質と快適性を重視し、ミニマルなスタイルを好む20代後半から40代の男女。シンプルながらも個性を主張したい、大人のための洗練されたフットウェアを求める層に支持されています。代表的なアイテムは、上質なレザーを使用したスニーカーや、履き心地の良いキャンバススニーカー、そして季節感を取り入れたサンダルなど。機能性とデザイン性を両立させた、着回し力の高いアイテムが揃っています。",,
3156,ブフト,"ブフト(bukht)は、日本のメンズファッションブランド。上質な素材とリラックスしたシルエットをベースに、ミニマルながらも独自の個性を放つデザインが特徴です。  計算されたパターンと丁寧な縫製によって生まれる、着心地の良さと洗練された雰囲気は、ブランドの大きな魅力。  デザイン哲学は「着る人の個性を引き立てる」ことにあり、トレンドに左右されない普遍的なアイテムを展開しています。

代表的なアイテムは、程よくゆとりを持たせたシルエットのシャツや、上質な素材を使用したコート、リラックスした着心地のパンツなど。  ベーシックカラーを軸に、洗練されたカラーパレットを用いて、年齢やスタイルを問わず幅広い層に支持されています。  シンプルながらも存在感のあるデザインは、着る人の個性を際立たせ、長く愛用できるアイテムを求める大人の男性をターゲットとしています。",,
3093,フランフラン,"フランフランは、フランス語で「自由な花」を意味する、日本のインテリア・ファッションブランドです。洗練されたデザインと、上質な素材を組み合わせた、都会的でスタイリッシュなアイテムが特徴です。デザイン哲学は「日常に、上質なときめきを。」であり、シンプルながらも個性的で、遊び心のあるアイテムが揃っています。

ターゲット層は、20代後半から40代の女性を中心に、インテリアやファッションに感度の高い層。価格帯は中価格帯で、手が届きやすいラグジュアリー感を求める消費者に支持されています。代表的なアイテムは、クッションやソファなどのファブリック製品、テーブルウェア、そして近年ではアパレルラインも展開。トレンドを取り入れつつも、長く愛用できるタイムレスなデザインが魅力です。  モノトーンやパステルカラーを基調とした上品な色使いも、ブランドのアイデンティティとなっています。",,
3207,フリーマンズスポーティングクラブ,"フリーマンズスポーティングクラブは、アメリカン・トラッドをベースに、現代的な感性を融合させたライフスタイルブランドです。19世紀末のアメリカン・スポーツウェアをインスピレーション源としつつ、上質な素材と丁寧な仕立てによって、洗練されたスポーティシックなスタイルを提案しています。

デザイン哲学は、「機能性と美しさの共存」。クラシックなデザインをベースに、モダンなシルエットやディテールを加えることで、時代を超越した普遍的な魅力と、新鮮な個性を両立させています。代表的なアイテムは、上質なコットンやリネンを使用したポロシャツ、快適な着心地のパンツ、そして伝統的なデザインを現代的にアレンジしたジャケットなど。

ターゲット層は、質の高い素材と着心地を重視し、クラシックスタイルをベースに自身の個性を表現したい、30代から50代の男性をメインに、男女問わず幅広い年齢層に支持されています。上質な日常着を求める、洗練された大人のためのブランドと言えるでしょう。",,
3096,フレイ アイディー,"フレイ アイディーは、女性らしさとトレンド感を融合させたスタイルで知られる日本のファッションブランドです。フェミニンなシルエットと繊細なディテールが特徴で、上品さと可愛らしさを両立したデザインが魅力。レースやフリル、リボンなどの装飾を取り入れながらも、甘くなりすぎない洗練されたデザインを追求しています。

デザイン哲学は、「大人の女性のための洗練されたカジュアル」と言えるでしょう。オフィスにも着ていける上品なアイテムから、週末のお出かけにぴったりの華やかなアイテムまで、幅広いシーンに対応できるアイテム展開が強みです。ターゲット層は、20代後半から30代前半の働く女性で、トレンドに敏感ながらも、着心地や品質にもこだわる層です。

代表的なアイテムは、ブラウス、ワンピース、スカートなど。特に、こだわりの素材を用いたワンピースは、フレイ アイディーの代表作と言えるでしょう。上質な素材感と、女性らしいシルエットが、多くの女性を魅了しています。  着る人の個性を引き立て、自信に満ちたスタイルを提案するブランドとして、高い人気を誇っています。",,
3227,ベイビージー,"BABY-G（ベイビージー）は、カシオ計算機が展開する女性向け腕時計ブランド。タフネスを追求するG-SHOCKの女性版として誕生し、そのDNAを受け継ぎつつ、ファッション性の高いデザインを提案している。

ブランドのスタイルは、スポーティでありながら、フェミニンな要素も取り入れた多様なデザインが特徴。カラフルなカラーリングや、宝石をイメージした輝き、繊細な装飾など、アクティブな女性像を洗練されたスタイルで表現している。デザイン哲学は、「タフで可愛い」をキーワードに、機能性とデザイン性を両立させること。

ターゲット層は、アクティブに活動する若い女性から、ファッションに敏感な大人女性まで幅広い。代表的なアイテムは、多機能性とデザイン性を兼ね備えたデジタルウォッチ。様々なライフスタイルに合わせた豊富なバリエーションが展開されており、ファッションアイテムとして、そして頼もしいパートナーとして、多くの女性から支持を得ている。",,
3122,ヘインズ,"ヘインズは、アメリカを代表するアンダーウェアブランドとして、長年質実剛健な製品を提供し続けている。そのデザイン哲学は「シンプルで機能的、そして長く使えるもの」を追求することにあり、余計な装飾を省いたミニマルなデザインが特徴だ。

ターゲット層は幅広く、年齢や性別を問わず、快適さと耐久性を重視する人々をカバーする。特に、ベーシックアイテムを求める実用的な層に支持されている。代表的なアイテムは、ヘビーウェイトのTシャツや、耐久性に優れたアンダーウェア、そして、近年ではそのシンプルさを活かした、カジュアルウェアとしての活用も広まっている。

ヘインズは、高品質な素材と丁寧な縫製によって、時代を超越した普遍的な魅力を持つ。流行に左右されることなく、長く愛用できる、まさに「定番」と言えるブランドだ。",,
3173,ベン・ウエストウッド,"ベン・ウエストウッドは、現代的なミニマリズムとヴィンテージの感性を融合させた、ユニセックスなファッションブランドです。  洗練されたシルエットと上質な素材使いが特徴で、無駄を削ぎ落としたシンプルなデザインの中に、さりげないディテールや独特のニュアンスが光ります。  デザイン哲学は「時代を超越したエレガンス」であり、着る人の個性を引き立てる、長く愛用できる服作りを目指しています。

ターゲット層は、20代後半から40代の、洗練されたスタイルを好む男女。シンプルながらも個性的な着こなしを追求し、質の高い素材と着心地を重視する層に支持されています。  代表的なアイテムは、上質なリネンやオーガニックコットンを使用したシャツ、絶妙な丈感のワンピース、そして着回し力の高いシンプルなカットソー。  ベーシックカラーを基調としながら、季節感のあるカラーや素材を取り入れることで、着こなしに奥行きを与えています。  「長く着続けられる、本当に良い服」という価値観を大切にするブランドと言えるでしょう。",,
3204,ペンハリガン,"ペンハリガンは、1870年創業の英国を代表するラグジュアリーフレグランスブランドです。当初は薬局からスタートし、その後香水へと事業を拡大。現在では、洗練された香りを中心に、上質なスキンケアやホームフレグランスも展開しています。

ブランドのスタイルは、英国の伝統とモダンな感性を融合させた、クラシカルでエレガントなもの。繊細な香りの層や、ヴィンテージ感漂うパッケージデザインは、ブランドの長い歴史と高い品質へのこだわりを象徴しています。デザイン哲学は、時代を超越した美しさ、そして独自の個性を尊重すること。

ターゲット層は、洗練されたライフスタイルを送り、高品質な製品を好む30代後半から50代の富裕層です。特に、個性と品格を備えた、自立した女性に支持されています。代表的なアイテムは、数々の名香を擁する香水コレクション。他に、上質な素材を用いたバスアイテムやキャンドルなども人気を集めています。  伝統と革新性をバランス良く融合させた、英国を象徴するラグジュアリーブランドとして、高い評価を得ています。",,
3224,ポロ ラルフ ローレン,"ポロ ラルフ ローレンは、アメリカを代表するラグジュアリーブランドであり、上品でトラディショナルなアメリカンスタイルを提案しています。  創業者であるラルフ・ローレンのビジョンは、アメリカンドリームを体現するような、タイムレスで洗練されたスタイル。  デザイン哲学は、クラシックなデザインにモダンな感性を融合させることで、普遍的な魅力を追求しています。

代表的なアイテムは、ポロシャツ、ボタンダウンシャツ、オックスフォードシャツなど、定番アイテムのクオリティの高さに定評があります。  さらに、ツイードジャケットやケーブルニットなど、上質な素材と丁寧な仕立てが特徴のアイテムも豊富です。

ターゲット層は、伝統を重んじながらも、洗練されたスタイルを好む幅広い年齢層。  特に、上質な素材とクラフトマンシップを重視する、成功者や伝統的な価値観を持つ層に支持されています。  ポロ ラルフ ローレンは、アメリカンスタイルを象徴するブランドとして、世界中で高い人気を誇ります。",,
3132,ボンド・ナンバーナイン,"ボンド・ナンバーナインは、ニューヨークの街並みを香りで表現するフレグランスブランドとして知られる。ブランド名はマンハッタンの郵便番号にインスパイアされ、各アイテムはニューヨークの個性的なエリアを象徴する香りで表現されている。デザイン哲学は、洗練された都会的なライフスタイルを香りで体現することにあり、洗練されたボトルデザインも魅力の一つ。

ターゲット層は、ニューヨークや都会的なライフスタイルに憧れる、トレンドに敏感で個性的な香りを好む層。代表的なアイテムは、ユニークな香りと高級感のあるボトルが特徴的な香水。ノマドやセントラルパーク、チェルシーマーケットなど、エリア名を冠したフレグランスは、コレクションとして集める楽しみも提供する。上質な素材と洗練された香りで、自己表現を重視する都会的な大人に支持されている。",,
3198,マッキントッシュ フィロソフィー,"マッキントッシュ フィロソフィーは、英国の老舗ブランド「マッキントッシュ」の哲学を受け継ぎ、現代的な解釈を加えた日本のブランドです。洗練されたミニマルデザインと、高品質な素材使いが特徴。伝統的な英国スタイルをベースに、現代的なシルエットと機能性を融合させた、都会的で洗練されたスタイルを提案しています。

デザイン哲学は「洗練された日常着」。無駄を省いたシンプルなデザインの中に、上質な素材や丁寧な縫製といったこだわりが感じられます。ターゲット層は、30代後半から50代を中心とした、キャリアを積んだ女性や、上品さを求める男性。年齢や流行に左右されない、長く愛用できるアイテムを重視する層に支持されています。

代表的なアイテムは、上品なトレンチコートや、上質な素材を用いたジャケット、そして機能性とデザイン性を両立させたバッグなど。ベーシックカラーを基調としつつ、季節感を取り入れたカラー展開も魅力です。  着心地の良さにもこだわり、日常の様々なシーンで活躍する、タイムレスなエレガンスを追求しています。",,
3210,マラカイ,"マラカイは、都会的な洗練さと遊び心を融合させた、コンテンポラリーなファッションブランドです。ミニマルなデザインをベースに、大胆な色使いや斬新なシルエットを取り入れることで、個性を際立たせるスタイルを提案しています。デザイン哲学は「着る人の個性を最大限に引き出す」ことで、着心地の良さだけでなく、自信に満ちたスタイリングを追求しています。

ターゲット層は、20代後半から40代のキャリア女性で、ファッションに敏感で、高品質なアイテムを好む層です。代表的なアイテムは、上質な素材を用いた、シルエットが美しいワンピースや、着回し力の高いジャケット、そして、ブランドのアイデンティティを象徴する幾何学模様を取り入れたアクセサリーなど。トレンドに流されることなく、自分らしいスタイルを確立したい女性に最適なブランドと言えるでしょう。",,
3134,マルセロ・ブロン カウンティ・オブ・ミラン,"マルセロ・ブロン カウンティ・オブ・ミランは、イタリアの洗練されたストリートスタイルを体現するブランドです。  デザイン哲学は、高品質な素材とクラフトマンシップをベースに、クラシックなシルエットを現代的にアレンジすること。スポーティな要素とラグジュアリーなディテールを巧みに融合させ、都会的で洗練された雰囲気を醸し出しています。

ターゲット層は、トレンドに敏感で、高感度なファッションを好む20代後半から40代の男性。  スポーティなアイテムを上品に着こなしたい、都会的なスタイルを求める層に支持されています。

代表的なアイテムは、上質なスウェットシャツ、ロゴ入りTシャツ、そして洗練されたデザインのトラックジャケットなど。  ベーシックなアイテムながらも、素材やディテールへのこだわりが際立ち、ワンランク上のストリートスタイルを演出します。  控えめながらも存在感のあるロゴは、ブランドアイデンティティをさりげなく主張するポイントとなっています。",,
3160,マンサー ガブリエル,"マンサー ガブリエルは、ニューヨークを拠点とするラグジュアリーブランドです。創設者であるラファエラ・マンサーが掲げるのは、タイムレスで洗練された、女性らしさを際立たせるデザイン哲学。無駄を削ぎ落としたミニマルなシルエットと、上質な素材使いが特徴です。

代表的なアイテムは、上質なレザーを用いたバッグ。特に、定番となった「バッグパック」や「バックルバッグ」は、洗練されたデザインと実用性を兼ね備え、多くのファッショニスタから支持を集めています。その他、ミニマルなデザインのウェアも展開し、都会的で知的な女性像を演出。

ターゲット層は、高品質なアイテムを好み、洗練されたスタイルを追求する30代〜50代の女性。流行に左右されず、長く愛用できるアイテムを求める、自立したキャリアウーマンや、洗練されたライフスタイルを送る女性たちに支持されています。  シンプルながらも存在感のある、確固たるスタイルを持つブランドと言えるでしょう。",,
3220,ミホコ サイトウ,"ミホコ サイトウは、繊細で洗練された女性らしさを表現する日本のファッションブランドです。デザイナー自身の感性に基づき、上質な素材と熟練の職人技を駆使した、着る人の個性を引き立てるデザインが特徴です。控えめながらも存在感のあるシルエット、優美なドレープ、そして、こだわりのディテールワークが、タイムレスなエレガンスを醸し出します。

代表的なアイテムは、流れるようなラインのワンピースや、上質な素材を用いたジャケット。主張しすぎない上品な色使いと、シンプルながらも洗練されたデザインは、幅広い年齢層の女性に支持されています。  30代後半から50代以上の、自立した女性で、品質とデザイン性を重視する、洗練されたスタイルを好む層をターゲットにしています。  着る人の内面的な美しさを引き出し、自信に満ちた佇まいを演出する、まさに「大人のための服」と言えるでしょう。",,
3095,ミラ オーウェン,"ミラ オーウェンは、大人の女性をターゲットとした、トレンド感と着回しやすさを両立させたファッションブランドです。洗練されたデザインと高品質な素材をバランス良く取り入れ、着る人の個性を引き立てるアイテムを提案しています。

デザイン哲学は「上品で女性らしいシルエット」と「着心地の良さ」。ベーシックなアイテムにトレンド感を加えた、オフィスにも着ていける洗練されたスタイルが特徴です。  定番のワンピースやブラウスに加え、旬なデザインを取り入れたアウターやボトムスも豊富に展開。  特に、シルエットにこだわったワンピースや、着回し力の高いブラウスは代表的なアイテムと言えるでしょう。

ターゲット層は20代後半から30代前半の働く女性で、仕事にもプライベートにも使える、上品でこなれたスタイルを求める層に支持されています。  程よくトレンドを取り入れながらも、長く愛用できるタイムレスなアイテムが多いのも魅力です。",,
3330,メゾン エウレカ,"メゾン エウレカは、日本のファッションブランドで、古着やヴィンテージアイテムを再構築した、唯一無二のアイテムを展開することで知られています。  デザイン哲学は「再構築」と「アップサイクル」に根ざし、既存の服に新たな命を吹き込むことで、サステナブルなファッションを追求しています。  大胆なリメイク技術と、古着特有の風合いを生かしたデザインは、個性的で着こなしの幅が広いことが特徴です。

デニムをベースとしたパンツやジャケット、そしてワンピースなど、様々なアイテムを展開しており、独特の風合いとシルエットが魅力。  ヴィンテージライクな加工や、パッチワーク、解体と再構築を繰り返したデザインなど、一点物の魅力が際立ちます。  ターゲット層は、ファッションに強い関心があり、個性を重視する20代後半から40代の女性を中心に、独自のスタイルを持つ人を惹きつけます。  古着への造詣が深く、サステナブルな消費を意識する層にも支持されています。",,
3179,メタファー,"メタファーは、比喩表現をデザインに落とし込んだ、独創的なファッションブランドです。  抽象的な概念や感情を、素材の質感、シルエット、色彩の組み合わせで表現することをデザイン哲学としています。  構築的なシルエットと、流動的なドレープが共存する独特のフォルムが特徴的で、一見相反する要素の融合がメタファーのアイデンティティとなっています。

ターゲット層は、既存の枠にとらわれず、自己表現を重視する20代後半から40代の男女。アートや文学、音楽など、多様な文化への造詣が深く、洗練された感性を持つ層に支持されています。

代表的なアイテムは、幾何学的なパターンと柔らかなドレープが調和したワンピースや、独特のテクスチャーを持つニットウェア。  上質な天然素材を使用し、着る人の個性を際立たせる、まるで「着る芸術」のような存在感を放っています。  時代を超越したデザインと、高い品質へのこだわりが、メタファーの価値を支えています。",,
3174,ユニフ,"ユニフ(UNIF)は、ロサンゼルス発祥のストリートウェアブランド。大胆でエッジの効いたデザインが特徴で、90年代のグランジやパンク、そして現代のストリートカルチャーを融合させた独自のスタイルを確立しています。

デザイン哲学は、「個性を表現する」こと。グラフィックTシャツや、ダメージ加工を施したデニム、ヴィンテージライクなアイテムなど、反骨精神と遊び心を反映したアイテムが多い。独特のカラーパレットも魅力で、ビビッドな色使いや、モノトーンとの組み合わせが印象的です。

ターゲット層は、トレンドに敏感で、自己表現を大切にする若者、特にサブカルチャーに造詣が深い層。個性的なファッションで周囲と差をつけたい人々に支持されている。

代表的なアイテムは、ブランドロゴ入りのTシャツ、個性的なグラフィックがプリントされたパーカー、そして独特のシルエットのワンピースやスカート。着る人の個性を際立たせる、インパクトのあるアイテムが揃っているのがユニフの特徴と言えるでしょう。",,
3201,ユハ,"ユハは、日本のファッションブランドで、普遍的な美しさと現代的な感性を融合させた、洗練されたミニマルなスタイルが特徴です。デザイン哲学は「着る人の個性を際立たせる」ことにあり、余計な装飾を排し、素材の質感を最大限に生かしたシンプルなデザインが魅力。上質な天然素材、特に上質なコットンやリネンを用いることで、着心地のよさと耐久性を両立しています。

ターゲット層は、30代後半から50代前半の女性で、年齢を重ねるごとに洗練されていく大人の女性像を投影。着る人の内面的な美しさや落ち着きを際立たせるデザインは、着る人を自然と美しく見せます。代表的なアイテムは、上質な素材とシンプルなデザインが際立つブラウス、ワンピース、コートなど。流行に左右されないタイムレスなデザインは、長く愛用できる服を求める成熟した女性に支持されています。",,
3151,ラッシュ,"ラッシュは、（ブランドのスタイル、デザイン哲学に関する情報をここで挿入してください。例えば、「都会的で洗練されたスタイル」や「機能性とデザイン性を両立させたスポーティなデザイン」など）。  デザイン哲学は（ブランドのデザイン哲学を簡潔に記述。例えば、「ミニマルな美しさへの追求」「着る人の個性を際立たせるデザイン」など）に根ざしています。

ターゲット層は、（ターゲット層を具体的に記述。年齢層、ライフスタイル、価値観などを含める。例えば、「20代後半〜40代のキャリア女性」「アクティブなライフスタイルを送る男性」など）。洗練されたデザインと高品質な素材へのこだわりから、（ターゲット層の具体的な価値観を記述。例えば、「上質なものを求める」「個性を大切にする」「快適さとスタイルを両立させたい」など）層に支持されています。

代表的なアイテムは、（代表的なアイテムを具体的に３つ程度挙げる。例えば、「すっきりとしたシルエットのシャツ」「機能的なデザインのバックパック」「上質な素材のニットウェア」など）。  これらのアイテムを通して、ラッシュは（ブランドが伝えたいメッセージを簡潔に記述。例えば、「自信に満ちた毎日をサポートする」「洗練されたライフスタイルを提案する」など）というメッセージを発信しています。",,
3223,ラルフ ローレン コレクション,"ラルフ ローレン コレクションは、ラルフ ローレンによるラグジュアリーラインとして、時代を超越したエレガンスを体現するブランドです。伝統的なアメリカンスタイルをベースに、上質な素材と卓越した仕立て技術で、洗練された大人のための服作りを追求しています。

デザイン哲学は、「タイムレスなスタイル」と「クラフトマンシップ」。  クラシックなテーラリング、上質なカシミヤやシルクといった高級素材、そして細部にまでこだわったディテールが、その品質の高さを物語っています。代表的なアイテムは、完璧なシルエットのジャケット、贅沢な素材を用いたドレス、そして伝統的な技法で仕上げられたシャツなど。

ターゲット層は、確固たるスタイルを持ち、品質と伝統を重んじる富裕層。  流行に左右されず、長く愛用できる、風格ある装いを求める男性と女性に支持されています。  「上品さ」と「洗練されたアメリカンスタイル」が、このコレクションの真髄です。",,
3177,リゾルト,"リゾルトは、日本のジーンズブランドとして高い評価を得ている。その魅力は、徹底的に追求された「穿きやすさ」と「経年変化」にある。ヴィンテージジーンズへの深い造詣に基づき、シルエット、生地、縫製に至るまで、細部へのこだわりが随所に見られる。

デザイン哲学は、無駄を削ぎ落としたミニマルな美学と、着込むほどに増す風格の両立。定番の710と711モデルは、美しいテーパードシルエットと、厳選された高品質なデニム生地が特徴だ。着心地の良さと、時間をかけて育むヴィンテージライクな風合いを両立させることに成功している。

ターゲットは、本物のジーンズを求める30代～50代の男性が中心。流行に左右されず、長く愛用できる普遍的なアイテムを求める、品質と着心地を重視する顧客層に支持されている。  代表的なアイテムは、前述の710と711モデルに加え、こだわりのディテールが光るワークパンツやジャケットなども展開されている。",,
3186,ル・モンサンミッシェル,"ル・モンサンミッシェルは、フランスのモンサンミッシェル修道院の荘厳な美しさと、ノルマンディー地方の豊かな自然からインスピレーションを得たファッションブランドです。  ブランドのスタイルは、クラシカルなフレンチエレガンスをベースに、現代的な洗練さを融合させた、タイムレスなデザインが特徴。自然の素材感を生かした、上質なリネンやコットン、シルクなどを多用し、着心地の良さと上品さを追求しています。

デザイン哲学は、「自然と調和した、気品あふれる日常着」を提案すること。  装飾を控え、シルエットの美しさや素材の質感を活かしたミニマルなデザインが多い一方で、繊細なレース使いやこだわりのディテールで、女性らしさをさりげなく演出します。

ターゲット層は、30代後半〜50代の、洗練された感性と確かな審美眼を持つ女性。  自然体でありながら、上品で自信に満ちたスタイルを好む、自立した女性像を体現しています。代表的なアイテムは、上質な素材を使用したブラウス、Aラインシルエットのワンピース、そして、モンサンミッシェルの風景を彷彿とさせる繊細な刺繍が施されたストールなどです。",,
4022,レイ ビームス,"レイ ビームスは、ビームスが展開するセレクトショップの中でも、独自の感性で幅広いスタイルを提案するブランドです。ベーシックをベースに、トレンドを程よく取り入れつつ、独自の解釈を加えたデザインが特徴。古着やワークウェア、ミリタリーといった要素を巧みに融合し、リラックス感のある着心地と洗練されたシルエットを両立させています。

デザイン哲学は、「着る人の個性を引き立てる」ことにあり、年齢や性別にとらわれない自由なスタイルを提案。オーセンティックなアイテムから遊び心のあるアイテムまで、幅広いラインナップを展開しています。ターゲット層は、20代後半から40代前半の、ファッションに敏感で、自分らしいスタイルを確立したいと考える男女。

代表的なアイテムとしては、着回し力抜群のTシャツ、上質な素材感のシャツ、こだわりのディテールが光るジャケットなどが挙げられます。着心地とデザイン性を両立させたアイテムは、長く愛用できる普遍的な魅力を持つ点が支持されています。",,
3111,レブロン,"レブロンは、幅広い年齢層の女性をターゲットとした、アメリカ発のコスメティックブランドであり、同時にアパレルラインも展開しています。そのスタイルは、トレンドを取り入れながらも、日常使いしやすい実用性を重視。デザイン哲学は「自信に満ちた女性を演出する」ことであり、多様な肌色や体型に対応するアイテムを提供することに注力しています。

アパレルラインでは、ベーシックなアイテムにトレンドカラーやディテールを取り入れた、着回し力の高いアイテムが中心。スポーティな要素を取り入れたカジュアルウェアから、フェミニンなワンピースまで、幅広いラインナップを展開しています。代表的なアイテムとしては、快適な履き心地とスタイリッシュなデザインを両立させたスニーカーや、肌触りの良い素材を使用したトップスなどが挙げられます。価格帯はミドルレンジからハイストリートと、幅広い層が手に取りやすい価格設定となっています。全体として、手軽にトレンドを取り入れ、自信に満ちたスタイルを演出したい女性に支持されるブランドと言えるでしょう。",,
3145,ロットホロン,"ロットホロンは、（具体的な情報がないため、推測に基づいて記述します）未来的な要素と自然の調和を追求した、ユニセックスなファッションブランドです。デザイン哲学は、テクノロジーと自然の融合。幾何学模様や有機的なラインを組み合わせた独創的なシルエットが特徴です。リサイクル素材や環境に配慮した素材の使用にも力を入れています。

代表的なアイテムは、機能性とデザイン性を両立させたアウターウェアや、独自のテキスタイルを用いたトップス、そして、ミニマルながらも存在感のあるアクセサリー類。落ち着いたトーンのカラーパレットを基調としつつ、アクセントカラーで未来的な雰囲気を演出しています。

ターゲット層は、サステナブルな消費を意識し、個性的なスタイルを好む20代後半から40代の男女。環境への配慮と洗練されたデザインを両立させた、未来志向のファッションを求める人々に支持されています。",,
3172,金子眼鏡,"金子眼鏡は、日本の老舗眼鏡ブランドとして、確かな技術と丁寧な職人技で知られる。シンプルながらも洗練されたデザインが特徴で、流行に左右されない普遍的な美しさを追求している。セルロイドやメタルなど、素材へのこだわりも強く、一つ一つ丁寧に手作りされる眼鏡は、かけ心地の良さにも定評がある。

デザイン哲学は、「かけ易さ」と「美しいシルエット」の両立。無駄を省いたミニマルなデザインの中に、熟練の職人が生み出す繊細なディテールが光る。オーバルやラウンド、ボストンといった普遍的なシェイプをベースに、現代的な解釈を加えたデザインは、年齢や性別を問わず幅広い層に支持されている。

ターゲット層は、品質とデザイン性を重視する30代〜50代の男女。特に、上質な眼鏡を求める大人、そしてクラシカルなスタイルを好む層に人気が高い。代表的なアイテムは、定番のセルロイドフレームや、軽くて丈夫なメタルフレームの眼鏡。長く愛用できる、一生ものの眼鏡を求める顧客が多い。",,